--
-- PostgreSQL database dump
--

\restrict fg3i7a2D3A1MCMWcCU5hyKcpTNyCPCL2YlvS25oZptLQ64m6O4aa4ccUUXT2moX

-- Dumped from database version 18.1 (Debian 18.1-1.pgdg13+2)
-- Dumped by pg_dump version 18.1 (Debian 18.1-1.pgdg13+2)

SET statement_timeout = 0;
SET lock_timeout = 0;
SET idle_in_transaction_session_timeout = 0;
SET transaction_timeout = 0;
SET client_encoding = 'UTF8';
SET standard_conforming_strings = on;
SELECT pg_catalog.set_config('search_path', '', false);
SET check_function_bodies = false;
SET xmloption = content;
SET client_min_messages = warning;
SET row_security = off;

SET default_tablespace = '';

SET default_table_access_method = heap;

--
-- Name: auth_group; Type: TABLE; Schema: public; Owner: postgres
--

CREATE TABLE public.auth_group (
    id integer NOT NULL,
    name character varying(150) NOT NULL
);


ALTER TABLE public.auth_group OWNER TO postgres;

--
-- Name: auth_group_id_seq; Type: SEQUENCE; Schema: public; Owner: postgres
--

ALTER TABLE public.auth_group ALTER COLUMN id ADD GENERATED BY DEFAULT AS IDENTITY (
    SEQUENCE NAME public.auth_group_id_seq
    START WITH 1
    INCREMENT BY 1
    NO MINVALUE
    NO MAXVALUE
    CACHE 1
);


--
-- Name: auth_group_permissions; Type: TABLE; Schema: public; Owner: postgres
--

CREATE TABLE public.auth_group_permissions (
    id bigint NOT NULL,
    group_id integer NOT NULL,
    permission_id integer NOT NULL
);


ALTER TABLE public.auth_group_permissions OWNER TO postgres;

--
-- Name: auth_group_permissions_id_seq; Type: SEQUENCE; Schema: public; Owner: postgres
--

ALTER TABLE public.auth_group_permissions ALTER COLUMN id ADD GENERATED BY DEFAULT AS IDENTITY (
    SEQUENCE NAME public.auth_group_permissions_id_seq
    START WITH 1
    INCREMENT BY 1
    NO MINVALUE
    NO MAXVALUE
    CACHE 1
);


--
-- Name: auth_permission; Type: TABLE; Schema: public; Owner: postgres
--

CREATE TABLE public.auth_permission (
    id integer NOT NULL,
    name character varying(255) NOT NULL,
    content_type_id integer NOT NULL,
    codename character varying(100) NOT NULL
);


ALTER TABLE public.auth_permission OWNER TO postgres;

--
-- Name: auth_permission_id_seq; Type: SEQUENCE; Schema: public; Owner: postgres
--

ALTER TABLE public.auth_permission ALTER COLUMN id ADD GENERATED BY DEFAULT AS IDENTITY (
    SEQUENCE NAME public.auth_permission_id_seq
    START WITH 1
    INCREMENT BY 1
    NO MINVALUE
    NO MAXVALUE
    CACHE 1
);


--
-- Name: auth_user; Type: TABLE; Schema: public; Owner: postgres
--

CREATE TABLE public.auth_user (
    id integer NOT NULL,
    password character varying(128) NOT NULL,
    last_login timestamp with time zone,
    is_superuser boolean NOT NULL,
    username character varying(150) NOT NULL,
    first_name character varying(150) NOT NULL,
    last_name character varying(150) NOT NULL,
    email character varying(254) NOT NULL,
    is_staff boolean NOT NULL,
    is_active boolean NOT NULL,
    date_joined timestamp with time zone NOT NULL
);


ALTER TABLE public.auth_user OWNER TO postgres;

--
-- Name: auth_user_groups; Type: TABLE; Schema: public; Owner: postgres
--

CREATE TABLE public.auth_user_groups (
    id bigint NOT NULL,
    user_id integer NOT NULL,
    group_id integer NOT NULL
);


ALTER TABLE public.auth_user_groups OWNER TO postgres;

--
-- Name: auth_user_groups_id_seq; Type: SEQUENCE; Schema: public; Owner: postgres
--

ALTER TABLE public.auth_user_groups ALTER COLUMN id ADD GENERATED BY DEFAULT AS IDENTITY (
    SEQUENCE NAME public.auth_user_groups_id_seq
    START WITH 1
    INCREMENT BY 1
    NO MINVALUE
    NO MAXVALUE
    CACHE 1
);


--
-- Name: auth_user_id_seq; Type: SEQUENCE; Schema: public; Owner: postgres
--

ALTER TABLE public.auth_user ALTER COLUMN id ADD GENERATED BY DEFAULT AS IDENTITY (
    SEQUENCE NAME public.auth_user_id_seq
    START WITH 1
    INCREMENT BY 1
    NO MINVALUE
    NO MAXVALUE
    CACHE 1
);


--
-- Name: auth_user_user_permissions; Type: TABLE; Schema: public; Owner: postgres
--

CREATE TABLE public.auth_user_user_permissions (
    id bigint NOT NULL,
    user_id integer NOT NULL,
    permission_id integer NOT NULL
);


ALTER TABLE public.auth_user_user_permissions OWNER TO postgres;

--
-- Name: auth_user_user_permissions_id_seq; Type: SEQUENCE; Schema: public; Owner: postgres
--

ALTER TABLE public.auth_user_user_permissions ALTER COLUMN id ADD GENERATED BY DEFAULT AS IDENTITY (
    SEQUENCE NAME public.auth_user_user_permissions_id_seq
    START WITH 1
    INCREMENT BY 1
    NO MINVALUE
    NO MAXVALUE
    CACHE 1
);


--
-- Name: axes_accessattempt; Type: TABLE; Schema: public; Owner: postgres
--

CREATE TABLE public.axes_accessattempt (
    id integer NOT NULL,
    user_agent character varying(255) NOT NULL,
    ip_address inet,
    username character varying(255),
    http_accept character varying(1025) NOT NULL,
    path_info character varying(255) NOT NULL,
    attempt_time timestamp with time zone NOT NULL,
    get_data text NOT NULL,
    post_data text NOT NULL,
    failures_since_start integer NOT NULL,
    CONSTRAINT axes_accessattempt_failures_since_start_check CHECK ((failures_since_start >= 0))
);


ALTER TABLE public.axes_accessattempt OWNER TO postgres;

--
-- Name: axes_accessattempt_id_seq; Type: SEQUENCE; Schema: public; Owner: postgres
--

ALTER TABLE public.axes_accessattempt ALTER COLUMN id ADD GENERATED BY DEFAULT AS IDENTITY (
    SEQUENCE NAME public.axes_accessattempt_id_seq
    START WITH 1
    INCREMENT BY 1
    NO MINVALUE
    NO MAXVALUE
    CACHE 1
);


--
-- Name: axes_accessattemptexpiration; Type: TABLE; Schema: public; Owner: postgres
--

CREATE TABLE public.axes_accessattemptexpiration (
    access_attempt_id integer NOT NULL,
    expires_at timestamp with time zone NOT NULL
);


ALTER TABLE public.axes_accessattemptexpiration OWNER TO postgres;

--
-- Name: axes_accessfailurelog; Type: TABLE; Schema: public; Owner: postgres
--

CREATE TABLE public.axes_accessfailurelog (
    id integer NOT NULL,
    user_agent character varying(255) NOT NULL,
    ip_address inet,
    username character varying(255),
    http_accept character varying(1025) NOT NULL,
    path_info character varying(255) NOT NULL,
    attempt_time timestamp with time zone NOT NULL,
    locked_out boolean NOT NULL
);


ALTER TABLE public.axes_accessfailurelog OWNER TO postgres;

--
-- Name: axes_accessfailurelog_id_seq; Type: SEQUENCE; Schema: public; Owner: postgres
--

ALTER TABLE public.axes_accessfailurelog ALTER COLUMN id ADD GENERATED BY DEFAULT AS IDENTITY (
    SEQUENCE NAME public.axes_accessfailurelog_id_seq
    START WITH 1
    INCREMENT BY 1
    NO MINVALUE
    NO MAXVALUE
    CACHE 1
);


--
-- Name: axes_accesslog; Type: TABLE; Schema: public; Owner: postgres
--

CREATE TABLE public.axes_accesslog (
    id integer NOT NULL,
    user_agent character varying(255) NOT NULL,
    ip_address inet,
    username character varying(255),
    http_accept character varying(1025) NOT NULL,
    path_info character varying(255) NOT NULL,
    attempt_time timestamp with time zone NOT NULL,
    logout_time timestamp with time zone,
    session_hash character varying(64) NOT NULL
);


ALTER TABLE public.axes_accesslog OWNER TO postgres;

--
-- Name: axes_accesslog_id_seq; Type: SEQUENCE; Schema: public; Owner: postgres
--

ALTER TABLE public.axes_accesslog ALTER COLUMN id ADD GENERATED BY DEFAULT AS IDENTITY (
    SEQUENCE NAME public.axes_accesslog_id_seq
    START WITH 1
    INCREMENT BY 1
    NO MINVALUE
    NO MAXVALUE
    CACHE 1
);


--
-- Name: django_admin_log; Type: TABLE; Schema: public; Owner: postgres
--

CREATE TABLE public.django_admin_log (
    id integer NOT NULL,
    action_time timestamp with time zone NOT NULL,
    object_id text,
    object_repr character varying(200) NOT NULL,
    action_flag smallint NOT NULL,
    change_message text NOT NULL,
    content_type_id integer,
    user_id integer NOT NULL,
    CONSTRAINT django_admin_log_action_flag_check CHECK ((action_flag >= 0))
);


ALTER TABLE public.django_admin_log OWNER TO postgres;

--
-- Name: django_admin_log_id_seq; Type: SEQUENCE; Schema: public; Owner: postgres
--

ALTER TABLE public.django_admin_log ALTER COLUMN id ADD GENERATED BY DEFAULT AS IDENTITY (
    SEQUENCE NAME public.django_admin_log_id_seq
    START WITH 1
    INCREMENT BY 1
    NO MINVALUE
    NO MAXVALUE
    CACHE 1
);


--
-- Name: django_content_type; Type: TABLE; Schema: public; Owner: postgres
--

CREATE TABLE public.django_content_type (
    id integer NOT NULL,
    app_label character varying(100) NOT NULL,
    model character varying(100) NOT NULL
);


ALTER TABLE public.django_content_type OWNER TO postgres;

--
-- Name: django_content_type_id_seq; Type: SEQUENCE; Schema: public; Owner: postgres
--

ALTER TABLE public.django_content_type ALTER COLUMN id ADD GENERATED BY DEFAULT AS IDENTITY (
    SEQUENCE NAME public.django_content_type_id_seq
    START WITH 1
    INCREMENT BY 1
    NO MINVALUE
    NO MAXVALUE
    CACHE 1
);


--
-- Name: django_migrations; Type: TABLE; Schema: public; Owner: postgres
--

CREATE TABLE public.django_migrations (
    id bigint NOT NULL,
    app character varying(255) NOT NULL,
    name character varying(255) NOT NULL,
    applied timestamp with time zone NOT NULL
);


ALTER TABLE public.django_migrations OWNER TO postgres;

--
-- Name: django_migrations_id_seq; Type: SEQUENCE; Schema: public; Owner: postgres
--

ALTER TABLE public.django_migrations ALTER COLUMN id ADD GENERATED BY DEFAULT AS IDENTITY (
    SEQUENCE NAME public.django_migrations_id_seq
    START WITH 1
    INCREMENT BY 1
    NO MINVALUE
    NO MAXVALUE
    CACHE 1
);


--
-- Name: django_session; Type: TABLE; Schema: public; Owner: postgres
--

CREATE TABLE public.django_session (
    session_key character varying(40) NOT NULL,
    session_data text NOT NULL,
    expire_date timestamp with time zone NOT NULL
);


ALTER TABLE public.django_session OWNER TO postgres;

--
-- Name: secret_data_secretleveldata; Type: TABLE; Schema: public; Owner: postgres
--

CREATE TABLE public.secret_data_secretleveldata (
    id bigint NOT NULL,
    message text NOT NULL
);


ALTER TABLE public.secret_data_secretleveldata OWNER TO postgres;

--
-- Name: secret_data_secretleveldata_id_seq; Type: SEQUENCE; Schema: public; Owner: postgres
--

ALTER TABLE public.secret_data_secretleveldata ALTER COLUMN id ADD GENERATED BY DEFAULT AS IDENTITY (
    SEQUENCE NAME public.secret_data_secretleveldata_id_seq
    START WITH 1
    INCREMENT BY 1
    NO MINVALUE
    NO MAXVALUE
    CACHE 1
);


--
-- Name: tasks_task; Type: TABLE; Schema: public; Owner: postgres
--

CREATE TABLE public.tasks_task (
    id bigint NOT NULL,
    title character varying(200) NOT NULL,
    description text NOT NULL,
    completed boolean NOT NULL,
    created_at timestamp with time zone NOT NULL,
    user_completed integer,
    date_completed timestamp with time zone
);


ALTER TABLE public.tasks_task OWNER TO postgres;

--
-- Name: tasks_task_id_seq; Type: SEQUENCE; Schema: public; Owner: postgres
--

ALTER TABLE public.tasks_task ALTER COLUMN id ADD GENERATED BY DEFAULT AS IDENTITY (
    SEQUENCE NAME public.tasks_task_id_seq
    START WITH 1
    INCREMENT BY 1
    NO MINVALUE
    NO MAXVALUE
    CACHE 1
);


--
-- Data for Name: auth_group; Type: TABLE DATA; Schema: public; Owner: postgres
--

COPY public.auth_group (id, name) FROM stdin;
1	Supervisor
2	Secret
\.


--
-- Data for Name: auth_group_permissions; Type: TABLE DATA; Schema: public; Owner: postgres
--

COPY public.auth_group_permissions (id, group_id, permission_id) FROM stdin;
1	1	1
2	1	2
3	1	3
4	1	4
5	1	5
6	1	6
7	1	7
8	1	8
9	1	9
10	1	10
11	1	11
12	1	12
13	1	13
14	1	14
15	1	15
16	1	16
17	1	17
18	1	18
19	1	19
20	1	20
21	1	21
22	1	22
23	1	23
24	1	24
25	1	25
26	1	26
27	1	27
28	1	28
29	1	29
30	1	30
31	1	31
32	1	32
33	2	32
34	2	28
\.


--
-- Data for Name: auth_permission; Type: TABLE DATA; Schema: public; Owner: postgres
--

COPY public.auth_permission (id, name, content_type_id, codename) FROM stdin;
1	Can add log entry	1	add_logentry
2	Can change log entry	1	change_logentry
3	Can delete log entry	1	delete_logentry
4	Can view log entry	1	view_logentry
5	Can add permission	3	add_permission
6	Can change permission	3	change_permission
7	Can delete permission	3	delete_permission
8	Can view permission	3	view_permission
9	Can add group	2	add_group
10	Can change group	2	change_group
11	Can delete group	2	delete_group
12	Can view group	2	view_group
13	Can add user	4	add_user
14	Can change user	4	change_user
15	Can delete user	4	delete_user
16	Can view user	4	view_user
17	Can add content type	5	add_contenttype
18	Can change content type	5	change_contenttype
19	Can delete content type	5	delete_contenttype
20	Can view content type	5	view_contenttype
21	Can add session	6	add_session
22	Can change session	6	change_session
23	Can delete session	6	delete_session
24	Can view session	6	view_session
25	Can add task	7	add_task
26	Can change task	7	change_task
27	Can delete task	7	delete_task
28	Can view task	7	view_task
29	Can add secret level data	8	add_secretleveldata
30	Can change secret level data	8	change_secretleveldata
31	Can delete secret level data	8	delete_secretleveldata
32	Can view secret level data	8	view_secretleveldata
33	Can add access attempt	9	add_accessattempt
34	Can change access attempt	9	change_accessattempt
35	Can delete access attempt	9	delete_accessattempt
36	Can view access attempt	9	view_accessattempt
37	Can add access log	12	add_accesslog
38	Can change access log	12	change_accesslog
39	Can delete access log	12	delete_accesslog
40	Can view access log	12	view_accesslog
41	Can add access failure	11	add_accessfailurelog
42	Can change access failure	11	change_accessfailurelog
43	Can delete access failure	11	delete_accessfailurelog
44	Can view access failure	11	view_accessfailurelog
45	Can add access attempt expiration	10	add_accessattemptexpiration
46	Can change access attempt expiration	10	change_accessattemptexpiration
47	Can delete access attempt expiration	10	delete_accessattemptexpiration
48	Can view access attempt expiration	10	view_accessattemptexpiration
49	Can add completed tasks	13	add_completedtasks
50	Can change completed tasks	13	change_completedtasks
51	Can delete completed tasks	13	delete_completedtasks
52	Can view completed tasks	13	view_completedtasks
\.


--
-- Data for Name: auth_user; Type: TABLE DATA; Schema: public; Owner: postgres
--

COPY public.auth_user (id, password, last_login, is_superuser, username, first_name, last_name, email, is_staff, is_active, date_joined) FROM stdin;
2	pbkdf2_sha256$1200000$wYrkUUeC0Ij2SEl6wyexB5$O0K8qfD17yqbDO1tMk05n+Lj7oWBL23bOe2FJ+ZY4+s=	\N	f	jeff				f	t	2026-01-12 18:48:00+00
3	pbkdf2_sha256$1200000$OUCT6lY0P5UAjhi5lvQ0Rf$ts0YZW8cgPTHe5x5EHkrW1m3boa8w/LUeCnhJLFKF+Q=	\N	f	steve				f	t	2026-01-12 18:48:19+00
11	pbkdf2_sha256$1200000$IiLZlOlWTOaMsGzPUbISld$8FycsFEnPP37lSQCDRv0qshsJonoXl/iFmZ/Z9TYM10=	\N	f	duncan				f	t	2026-01-15 15:02:22.566391+00
1	pbkdf2_sha256$1200000$1c3XIA7kcmRsUulmzBJ2vC$7KYA8uxJtLIzLjwvZhPYDedguJifAIZ/P+CjmH43+q8=	2026-01-12 18:47:02+00	t	rmars			ryan@email.com	t	t	2026-01-12 18:46:56+00
\.


--
-- Data for Name: auth_user_groups; Type: TABLE DATA; Schema: public; Owner: postgres
--

COPY public.auth_user_groups (id, user_id, group_id) FROM stdin;
1	3	1
2	2	2
4	1	1
5	1	2
\.


--
-- Data for Name: auth_user_user_permissions; Type: TABLE DATA; Schema: public; Owner: postgres
--

COPY public.auth_user_user_permissions (id, user_id, permission_id) FROM stdin;
\.


--
-- Data for Name: axes_accessattempt; Type: TABLE DATA; Schema: public; Owner: postgres
--

COPY public.axes_accessattempt (id, user_agent, ip_address, username, http_accept, path_info, attempt_time, get_data, post_data, failures_since_start) FROM stdin;
2	Mozilla/5.0 (Windows NT 10.0; Win64; x64) AppleWebKit/537.36 (KHTML, like Gecko) Chrome/143.0.0.0 Safari/537.36	172.18.0.5	werjaw;raw	text/html; q=1.0, */*	/api/token/	2026-01-15 02:55:55.372407+00			1
3	Mozilla/5.0 (Windows NT 10.0; Win64; x64) AppleWebKit/537.36 (KHTML, like Gecko) Chrome/143.0.0.0 Safari/537.36	172.18.0.5	balalalsadfdkdkkd	text/html; q=1.0, */*	/api/token/	2026-01-15 02:59:36.58388+00			1
\.


--
-- Data for Name: axes_accessattemptexpiration; Type: TABLE DATA; Schema: public; Owner: postgres
--

COPY public.axes_accessattemptexpiration (access_attempt_id, expires_at) FROM stdin;
\.


--
-- Data for Name: axes_accessfailurelog; Type: TABLE DATA; Schema: public; Owner: postgres
--

COPY public.axes_accessfailurelog (id, user_agent, ip_address, username, http_accept, path_info, attempt_time, locked_out) FROM stdin;
\.


--
-- Data for Name: axes_accesslog; Type: TABLE DATA; Schema: public; Owner: postgres
--

COPY public.axes_accesslog (id, user_agent, ip_address, username, http_accept, path_info, attempt_time, logout_time, session_hash) FROM stdin;
\.


--
-- Data for Name: django_admin_log; Type: TABLE DATA; Schema: public; Owner: postgres
--

COPY public.django_admin_log (id, action_time, object_id, object_repr, action_flag, change_message, content_type_id, user_id) FROM stdin;
1	2026-01-12 18:47:21.677755+00	1	Supervisor	1	[{"added": {}}]	2	1
2	2026-01-12 18:47:38.096377+00	2	Secret	1	[{"added": {}}]	2	1
3	2026-01-12 18:48:01.182596+00	2	jeff	1	[{"added": {}}]	4	1
4	2026-01-12 18:48:19.638956+00	3	steve	1	[{"added": {}}]	4	1
5	2026-01-12 18:48:28.630031+00	3	steve	2	[{"changed": {"fields": ["Groups"]}}]	4	1
6	2026-01-12 18:57:05.749738+00	2	jeff	2	[{"changed": {"fields": ["Groups"]}}]	4	1
7	2026-01-12 18:58:57.44403+00	3	steve	2	[]	4	1
8	2026-01-12 19:01:07.547691+00	1	SecretLevelData object (1)	1	[{"added": {}}]	8	1
9	2026-01-13 21:10:11.437187+00	4	testingtom	3		4	1
10	2026-01-13 21:12:34.067997+00	7	testuser	3		4	1
11	2026-01-13 21:13:51.145526+00	8	testuser	3		4	1
12	2026-01-13 21:59:10.46652+00	9	dummy	3		4	1
13	2026-01-14 00:16:43.507843+00	10	testuser	3		4	1
14	2026-01-15 02:53:51.615651+00	1	Attempted Access: 2026-01-15 02:53:43.274599+00:00	3		9	1
15	2026-01-15 15:02:22.806426+00	11	duncan	1	[{"added": {}}]	4	1
16	2026-01-15 16:35:20.408409+00	1	rmars	2	[{"changed": {"fields": ["Groups"]}}]	4	1
17	2026-01-15 18:38:20.53349+00	1	SecretLevelData object (1)	2	[{"changed": {"fields": ["Message"]}}]	8	1
\.


--
-- Data for Name: django_content_type; Type: TABLE DATA; Schema: public; Owner: postgres
--

COPY public.django_content_type (id, app_label, model) FROM stdin;
1	admin	logentry
2	auth	group
3	auth	permission
4	auth	user
5	contenttypes	contenttype
6	sessions	session
7	tasks	task
8	secret_data	secretleveldata
9	axes	accessattempt
10	axes	accessattemptexpiration
11	axes	accessfailurelog
12	axes	accesslog
13	tasks	completedtasks
\.


--
-- Data for Name: django_migrations; Type: TABLE DATA; Schema: public; Owner: postgres
--

COPY public.django_migrations (id, app, name, applied) FROM stdin;
1	contenttypes	0001_initial	2026-01-12 18:43:01.707582+00
2	auth	0001_initial	2026-01-12 18:43:01.751595+00
3	admin	0001_initial	2026-01-12 18:43:01.765722+00
4	admin	0002_logentry_remove_auto_add	2026-01-12 18:43:01.771561+00
5	admin	0003_logentry_add_action_flag_choices	2026-01-12 18:43:01.777738+00
6	contenttypes	0002_remove_content_type_name	2026-01-12 18:43:01.790682+00
7	auth	0002_alter_permission_name_max_length	2026-01-12 18:43:01.797321+00
8	auth	0003_alter_user_email_max_length	2026-01-12 18:43:01.803936+00
9	auth	0004_alter_user_username_opts	2026-01-12 18:43:01.809527+00
10	auth	0005_alter_user_last_login_null	2026-01-12 18:43:01.817197+00
11	auth	0006_require_contenttypes_0002	2026-01-12 18:43:01.819052+00
12	auth	0007_alter_validators_add_error_messages	2026-01-12 18:43:01.824185+00
13	auth	0008_alter_user_username_max_length	2026-01-12 18:43:01.831851+00
14	auth	0009_alter_user_last_name_max_length	2026-01-12 18:43:01.837858+00
15	auth	0010_alter_group_name_max_length	2026-01-12 18:43:01.845061+00
16	auth	0011_update_proxy_permissions	2026-01-12 18:43:01.850203+00
17	auth	0012_alter_user_first_name_max_length	2026-01-12 18:43:01.856646+00
18	secret_data	0001_initial	2026-01-12 18:43:01.860178+00
19	sessions	0001_initial	2026-01-12 18:43:01.865596+00
20	tasks	0001_initial	2026-01-12 18:43:01.869099+00
21	tasks	0002_alter_task_description	2026-01-14 17:11:18.360982+00
22	tasks	0002_task_date_completed_task_user_completed_and_more	2026-01-14 18:47:42.728533+00
23	axes	0001_initial	2026-01-15 02:33:08.250003+00
24	axes	0002_auto_20151217_2044	2026-01-15 02:33:08.264677+00
25	axes	0003_auto_20160322_0929	2026-01-15 02:33:08.272388+00
26	axes	0004_auto_20181024_1538	2026-01-15 02:33:08.279617+00
27	axes	0005_remove_accessattempt_trusted	2026-01-15 02:33:08.283323+00
28	axes	0006_remove_accesslog_trusted	2026-01-15 02:33:08.285952+00
29	axes	0007_alter_accessattempt_unique_together	2026-01-15 02:33:08.295821+00
30	axes	0008_accessfailurelog	2026-01-15 02:33:08.301697+00
31	axes	0009_add_session_hash	2026-01-15 02:33:08.304939+00
32	axes	0010_accessattemptexpiration	2026-01-15 02:33:08.311602+00
33	tasks	0003_completedtasks	2026-01-20 23:47:18.643815+00
34	tasks	0004_delete_completedtasks_remove_task_date_completed_and_more	2026-01-20 23:50:29.114259+00
35	tasks	0005_task_date_completed_task_user_completed	2026-01-20 23:53:53.905132+00
36	tasks	0006_remove_task_user_completed	2026-01-21 00:58:33.748358+00
37	tasks	0007_task_user_completed	2026-01-21 00:58:33.754594+00
40	tasks	0008_alter_task_user_completed	2026-01-21 14:08:39.582895+00
41	tasks	0006_alter_task_user_completed	2026-01-22 00:54:17.313048+00
42	tasks	0007_remove_task_user_completed	2026-01-22 00:54:17.337648+00
43	tasks	0008_remove_task_date_completed	2026-01-22 00:54:17.340788+00
44	tasks	0009_task_user_completed	2026-01-22 00:54:17.344152+00
45	tasks	0010_alter_task_user_completed	2026-01-22 00:54:17.350514+00
46	tasks	0009_remove_task_date_completed_task_delete_this	2026-01-22 00:54:17.352645+00
47	tasks	0011_merge_20260121_1752	2026-01-22 00:54:17.354113+00
48	tasks	0012_task_date_completed	2026-01-22 00:54:17.35676+00
49	tasks	0013_alter_task_user_completed	2026-01-22 00:54:17.365389+00
\.


--
-- Data for Name: django_session; Type: TABLE DATA; Schema: public; Owner: postgres
--

COPY public.django_session (session_key, session_data, expire_date) FROM stdin;
dbgu03ein8yz78xc1phyzoy7lcaoxrnf	.eJxVjDsOwjAQRO_iGlm7zs-mpM8ZrF3vCgeQI8VJhbg7iZQCimnmvZm3ibStOW5VlziJuRo0l9-OKT21HEAeVO6zTXNZl4ntodiTVjvOoq_b6f4dZKp5X4dWgksDcQeAAwYvDTIJiTJonwRAA2PnQZHQNV55T4sOvNNeqDGfL-aSN-A:1vfMwQ:UtZUvhIb8GYUWr2ZwR6b0sbtiFzL99swFJ_m_ZWwNsg	2026-01-26 18:47:02.744871+00
\.


--
-- Data for Name: secret_data_secretleveldata; Type: TABLE DATA; Schema: public; Owner: postgres
--

COPY public.secret_data_secretleveldata (id, message) FROM stdin;
1	New secret message. Urban Legend!
2	new message
3	Aliens are real!
4	secret message from steve
\.


--
-- Data for Name: tasks_task; Type: TABLE DATA; Schema: public; Owner: postgres
--

COPY public.tasks_task (id, title, description, completed, created_at, user_completed, date_completed) FROM stdin;
15	Test task	gAAAAABpcXhc_YOUqvTT8UG5ZxcxE5m5r8g3BP2w0HQG7VvABuWrB0HOtSFDL4BzHAA6Eeg-rc5qBoIjRcr6CDjbPqmCvcPHmGhe9AAOvaQHs5lwkV1-UPM=	t	2026-01-21 19:03:39.841331+00	2	2026-01-21 20:07:00+00
14	Test title	gAAAAABpcXhkHCXDX0SQj2-gutmk1p-vmPAumJkH_xWj6neuhsYBns-7_WclbvsbVQ6hhzKxAl3EGQ7EUKlyoLc_yo-MTwdFpKPEyz0cdXH3yLQv-beKz7WyVVsl1YHtEDRgakPtqdI4	t	2026-01-20 23:55:12.897413+00	2	2026-01-21 20:07:00+00
16	Task from Steve	gAAAAABpcXjp2BMIpIXpRwFr8_EX41dSUPwh5PSUDojhmnTX6sXvr-7wC09MKES2_BZKr_gxbjnJFTIOXcrR7UK9KnxPyiFU8dhrfH6vVGpSj9XqgMns6H0DOHVLiJ8kbdnvQIgjCwE2	t	2026-01-22 01:09:20.537171+00	2	2026-01-21 20:09:00+00
\.


--
-- Name: auth_group_id_seq; Type: SEQUENCE SET; Schema: public; Owner: postgres
--

SELECT pg_catalog.setval('public.auth_group_id_seq', 2, true);


--
-- Name: auth_group_permissions_id_seq; Type: SEQUENCE SET; Schema: public; Owner: postgres
--

SELECT pg_catalog.setval('public.auth_group_permissions_id_seq', 34, true);


--
-- Name: auth_permission_id_seq; Type: SEQUENCE SET; Schema: public; Owner: postgres
--

SELECT pg_catalog.setval('public.auth_permission_id_seq', 52, true);


--
-- Name: auth_user_groups_id_seq; Type: SEQUENCE SET; Schema: public; Owner: postgres
--

SELECT pg_catalog.setval('public.auth_user_groups_id_seq', 5, true);


--
-- Name: auth_user_id_seq; Type: SEQUENCE SET; Schema: public; Owner: postgres
--

SELECT pg_catalog.setval('public.auth_user_id_seq', 11, true);


--
-- Name: auth_user_user_permissions_id_seq; Type: SEQUENCE SET; Schema: public; Owner: postgres
--

SELECT pg_catalog.setval('public.auth_user_user_permissions_id_seq', 1, false);


--
-- Name: axes_accessattempt_id_seq; Type: SEQUENCE SET; Schema: public; Owner: postgres
--

SELECT pg_catalog.setval('public.axes_accessattempt_id_seq', 3, true);


--
-- Name: axes_accessfailurelog_id_seq; Type: SEQUENCE SET; Schema: public; Owner: postgres
--

SELECT pg_catalog.setval('public.axes_accessfailurelog_id_seq', 1, false);


--
-- Name: axes_accesslog_id_seq; Type: SEQUENCE SET; Schema: public; Owner: postgres
--

SELECT pg_catalog.setval('public.axes_accesslog_id_seq', 1, false);


--
-- Name: django_admin_log_id_seq; Type: SEQUENCE SET; Schema: public; Owner: postgres
--

SELECT pg_catalog.setval('public.django_admin_log_id_seq', 17, true);


--
-- Name: django_content_type_id_seq; Type: SEQUENCE SET; Schema: public; Owner: postgres
--

SELECT pg_catalog.setval('public.django_content_type_id_seq', 13, true);


--
-- Name: django_migrations_id_seq; Type: SEQUENCE SET; Schema: public; Owner: postgres
--

SELECT pg_catalog.setval('public.django_migrations_id_seq', 49, true);


--
-- Name: secret_data_secretleveldata_id_seq; Type: SEQUENCE SET; Schema: public; Owner: postgres
--

SELECT pg_catalog.setval('public.secret_data_secretleveldata_id_seq', 4, true);


--
-- Name: tasks_task_id_seq; Type: SEQUENCE SET; Schema: public; Owner: postgres
--

SELECT pg_catalog.setval('public.tasks_task_id_seq', 16, true);


--
-- Name: auth_group auth_group_name_key; Type: CONSTRAINT; Schema: public; Owner: postgres
--

ALTER TABLE ONLY public.auth_group
    ADD CONSTRAINT auth_group_name_key UNIQUE (name);


--
-- Name: auth_group_permissions auth_group_permissions_group_id_permission_id_0cd325b0_uniq; Type: CONSTRAINT; Schema: public; Owner: postgres
--

ALTER TABLE ONLY public.auth_group_permissions
    ADD CONSTRAINT auth_group_permissions_group_id_permission_id_0cd325b0_uniq UNIQUE (group_id, permission_id);


--
-- Name: auth_group_permissions auth_group_permissions_pkey; Type: CONSTRAINT; Schema: public; Owner: postgres
--

ALTER TABLE ONLY public.auth_group_permissions
    ADD CONSTRAINT auth_group_permissions_pkey PRIMARY KEY (id);


--
-- Name: auth_group auth_group_pkey; Type: CONSTRAINT; Schema: public; Owner: postgres
--

ALTER TABLE ONLY public.auth_group
    ADD CONSTRAINT auth_group_pkey PRIMARY KEY (id);


--
-- Name: auth_permission auth_permission_content_type_id_codename_01ab375a_uniq; Type: CONSTRAINT; Schema: public; Owner: postgres
--

ALTER TABLE ONLY public.auth_permission
    ADD CONSTRAINT auth_permission_content_type_id_codename_01ab375a_uniq UNIQUE (content_type_id, codename);


--
-- Name: auth_permission auth_permission_pkey; Type: CONSTRAINT; Schema: public; Owner: postgres
--

ALTER TABLE ONLY public.auth_permission
    ADD CONSTRAINT auth_permission_pkey PRIMARY KEY (id);


--
-- Name: auth_user_groups auth_user_groups_pkey; Type: CONSTRAINT; Schema: public; Owner: postgres
--

ALTER TABLE ONLY public.auth_user_groups
    ADD CONSTRAINT auth_user_groups_pkey PRIMARY KEY (id);


--
-- Name: auth_user_groups auth_user_groups_user_id_group_id_94350c0c_uniq; Type: CONSTRAINT; Schema: public; Owner: postgres
--

ALTER TABLE ONLY public.auth_user_groups
    ADD CONSTRAINT auth_user_groups_user_id_group_id_94350c0c_uniq UNIQUE (user_id, group_id);


--
-- Name: auth_user auth_user_pkey; Type: CONSTRAINT; Schema: public; Owner: postgres
--

ALTER TABLE ONLY public.auth_user
    ADD CONSTRAINT auth_user_pkey PRIMARY KEY (id);


--
-- Name: auth_user_user_permissions auth_user_user_permissions_pkey; Type: CONSTRAINT; Schema: public; Owner: postgres
--

ALTER TABLE ONLY public.auth_user_user_permissions
    ADD CONSTRAINT auth_user_user_permissions_pkey PRIMARY KEY (id);


--
-- Name: auth_user_user_permissions auth_user_user_permissions_user_id_permission_id_14a6b632_uniq; Type: CONSTRAINT; Schema: public; Owner: postgres
--

ALTER TABLE ONLY public.auth_user_user_permissions
    ADD CONSTRAINT auth_user_user_permissions_user_id_permission_id_14a6b632_uniq UNIQUE (user_id, permission_id);


--
-- Name: auth_user auth_user_username_key; Type: CONSTRAINT; Schema: public; Owner: postgres
--

ALTER TABLE ONLY public.auth_user
    ADD CONSTRAINT auth_user_username_key UNIQUE (username);


--
-- Name: axes_accessattempt axes_accessattempt_pkey; Type: CONSTRAINT; Schema: public; Owner: postgres
--

ALTER TABLE ONLY public.axes_accessattempt
    ADD CONSTRAINT axes_accessattempt_pkey PRIMARY KEY (id);


--
-- Name: axes_accessattempt axes_accessattempt_username_ip_address_user_agent_8ea22282_uniq; Type: CONSTRAINT; Schema: public; Owner: postgres
--

ALTER TABLE ONLY public.axes_accessattempt
    ADD CONSTRAINT axes_accessattempt_username_ip_address_user_agent_8ea22282_uniq UNIQUE (username, ip_address, user_agent);


--
-- Name: axes_accessattemptexpiration axes_accessattemptexpiration_pkey; Type: CONSTRAINT; Schema: public; Owner: postgres
--

ALTER TABLE ONLY public.axes_accessattemptexpiration
    ADD CONSTRAINT axes_accessattemptexpiration_pkey PRIMARY KEY (access_attempt_id);


--
-- Name: axes_accessfailurelog axes_accessfailurelog_pkey; Type: CONSTRAINT; Schema: public; Owner: postgres
--

ALTER TABLE ONLY public.axes_accessfailurelog
    ADD CONSTRAINT axes_accessfailurelog_pkey PRIMARY KEY (id);


--
-- Name: axes_accesslog axes_accesslog_pkey; Type: CONSTRAINT; Schema: public; Owner: postgres
--

ALTER TABLE ONLY public.axes_accesslog
    ADD CONSTRAINT axes_accesslog_pkey PRIMARY KEY (id);


--
-- Name: django_admin_log django_admin_log_pkey; Type: CONSTRAINT; Schema: public; Owner: postgres
--

ALTER TABLE ONLY public.django_admin_log
    ADD CONSTRAINT django_admin_log_pkey PRIMARY KEY (id);


--
-- Name: django_content_type django_content_type_app_label_model_76bd3d3b_uniq; Type: CONSTRAINT; Schema: public; Owner: postgres
--

ALTER TABLE ONLY public.django_content_type
    ADD CONSTRAINT django_content_type_app_label_model_76bd3d3b_uniq UNIQUE (app_label, model);


--
-- Name: django_content_type django_content_type_pkey; Type: CONSTRAINT; Schema: public; Owner: postgres
--

ALTER TABLE ONLY public.django_content_type
    ADD CONSTRAINT django_content_type_pkey PRIMARY KEY (id);


--
-- Name: django_migrations django_migrations_pkey; Type: CONSTRAINT; Schema: public; Owner: postgres
--

ALTER TABLE ONLY public.django_migrations
    ADD CONSTRAINT django_migrations_pkey PRIMARY KEY (id);


--
-- Name: django_session django_session_pkey; Type: CONSTRAINT; Schema: public; Owner: postgres
--

ALTER TABLE ONLY public.django_session
    ADD CONSTRAINT django_session_pkey PRIMARY KEY (session_key);


--
-- Name: secret_data_secretleveldata secret_data_secretleveldata_pkey; Type: CONSTRAINT; Schema: public; Owner: postgres
--

ALTER TABLE ONLY public.secret_data_secretleveldata
    ADD CONSTRAINT secret_data_secretleveldata_pkey PRIMARY KEY (id);


--
-- Name: tasks_task tasks_task_pkey; Type: CONSTRAINT; Schema: public; Owner: postgres
--

ALTER TABLE ONLY public.tasks_task
    ADD CONSTRAINT tasks_task_pkey PRIMARY KEY (id);


--
-- Name: auth_group_name_a6ea08ec_like; Type: INDEX; Schema: public; Owner: postgres
--

CREATE INDEX auth_group_name_a6ea08ec_like ON public.auth_group USING btree (name varchar_pattern_ops);


--
-- Name: auth_group_permissions_group_id_b120cbf9; Type: INDEX; Schema: public; Owner: postgres
--

CREATE INDEX auth_group_permissions_group_id_b120cbf9 ON public.auth_group_permissions USING btree (group_id);


--
-- Name: auth_group_permissions_permission_id_84c5c92e; Type: INDEX; Schema: public; Owner: postgres
--

CREATE INDEX auth_group_permissions_permission_id_84c5c92e ON public.auth_group_permissions USING btree (permission_id);


--
-- Name: auth_permission_content_type_id_2f476e4b; Type: INDEX; Schema: public; Owner: postgres
--

CREATE INDEX auth_permission_content_type_id_2f476e4b ON public.auth_permission USING btree (content_type_id);


--
-- Name: auth_user_groups_group_id_97559544; Type: INDEX; Schema: public; Owner: postgres
--

CREATE INDEX auth_user_groups_group_id_97559544 ON public.auth_user_groups USING btree (group_id);


--
-- Name: auth_user_groups_user_id_6a12ed8b; Type: INDEX; Schema: public; Owner: postgres
--

CREATE INDEX auth_user_groups_user_id_6a12ed8b ON public.auth_user_groups USING btree (user_id);


--
-- Name: auth_user_user_permissions_permission_id_1fbb5f2c; Type: INDEX; Schema: public; Owner: postgres
--

CREATE INDEX auth_user_user_permissions_permission_id_1fbb5f2c ON public.auth_user_user_permissions USING btree (permission_id);


--
-- Name: auth_user_user_permissions_user_id_a95ead1b; Type: INDEX; Schema: public; Owner: postgres
--

CREATE INDEX auth_user_user_permissions_user_id_a95ead1b ON public.auth_user_user_permissions USING btree (user_id);


--
-- Name: auth_user_username_6821ab7c_like; Type: INDEX; Schema: public; Owner: postgres
--

CREATE INDEX auth_user_username_6821ab7c_like ON public.auth_user USING btree (username varchar_pattern_ops);


--
-- Name: axes_accessattempt_ip_address_10922d9c; Type: INDEX; Schema: public; Owner: postgres
--

CREATE INDEX axes_accessattempt_ip_address_10922d9c ON public.axes_accessattempt USING btree (ip_address);


--
-- Name: axes_accessattempt_user_agent_ad89678b; Type: INDEX; Schema: public; Owner: postgres
--

CREATE INDEX axes_accessattempt_user_agent_ad89678b ON public.axes_accessattempt USING btree (user_agent);


--
-- Name: axes_accessattempt_user_agent_ad89678b_like; Type: INDEX; Schema: public; Owner: postgres
--

CREATE INDEX axes_accessattempt_user_agent_ad89678b_like ON public.axes_accessattempt USING btree (user_agent varchar_pattern_ops);


--
-- Name: axes_accessattempt_username_3f2d4ca0; Type: INDEX; Schema: public; Owner: postgres
--

CREATE INDEX axes_accessattempt_username_3f2d4ca0 ON public.axes_accessattempt USING btree (username);


--
-- Name: axes_accessattempt_username_3f2d4ca0_like; Type: INDEX; Schema: public; Owner: postgres
--

CREATE INDEX axes_accessattempt_username_3f2d4ca0_like ON public.axes_accessattempt USING btree (username varchar_pattern_ops);


--
-- Name: axes_accessfailurelog_ip_address_2e9f5a7f; Type: INDEX; Schema: public; Owner: postgres
--

CREATE INDEX axes_accessfailurelog_ip_address_2e9f5a7f ON public.axes_accessfailurelog USING btree (ip_address);


--
-- Name: axes_accessfailurelog_user_agent_ea145dda; Type: INDEX; Schema: public; Owner: postgres
--

CREATE INDEX axes_accessfailurelog_user_agent_ea145dda ON public.axes_accessfailurelog USING btree (user_agent);


--
-- Name: axes_accessfailurelog_user_agent_ea145dda_like; Type: INDEX; Schema: public; Owner: postgres
--

CREATE INDEX axes_accessfailurelog_user_agent_ea145dda_like ON public.axes_accessfailurelog USING btree (user_agent varchar_pattern_ops);


--
-- Name: axes_accessfailurelog_username_a8b7e8a4; Type: INDEX; Schema: public; Owner: postgres
--

CREATE INDEX axes_accessfailurelog_username_a8b7e8a4 ON public.axes_accessfailurelog USING btree (username);


--
-- Name: axes_accessfailurelog_username_a8b7e8a4_like; Type: INDEX; Schema: public; Owner: postgres
--

CREATE INDEX axes_accessfailurelog_username_a8b7e8a4_like ON public.axes_accessfailurelog USING btree (username varchar_pattern_ops);


--
-- Name: axes_accesslog_ip_address_86b417e5; Type: INDEX; Schema: public; Owner: postgres
--

CREATE INDEX axes_accesslog_ip_address_86b417e5 ON public.axes_accesslog USING btree (ip_address);


--
-- Name: axes_accesslog_user_agent_0e659004; Type: INDEX; Schema: public; Owner: postgres
--

CREATE INDEX axes_accesslog_user_agent_0e659004 ON public.axes_accesslog USING btree (user_agent);


--
-- Name: axes_accesslog_user_agent_0e659004_like; Type: INDEX; Schema: public; Owner: postgres
--

CREATE INDEX axes_accesslog_user_agent_0e659004_like ON public.axes_accesslog USING btree (user_agent varchar_pattern_ops);


--
-- Name: axes_accesslog_username_df93064b; Type: INDEX; Schema: public; Owner: postgres
--

CREATE INDEX axes_accesslog_username_df93064b ON public.axes_accesslog USING btree (username);


--
-- Name: axes_accesslog_username_df93064b_like; Type: INDEX; Schema: public; Owner: postgres
--

CREATE INDEX axes_accesslog_username_df93064b_like ON public.axes_accesslog USING btree (username varchar_pattern_ops);


--
-- Name: django_admin_log_content_type_id_c4bce8eb; Type: INDEX; Schema: public; Owner: postgres
--

CREATE INDEX django_admin_log_content_type_id_c4bce8eb ON public.django_admin_log USING btree (content_type_id);


--
-- Name: django_admin_log_user_id_c564eba6; Type: INDEX; Schema: public; Owner: postgres
--

CREATE INDEX django_admin_log_user_id_c564eba6 ON public.django_admin_log USING btree (user_id);


--
-- Name: django_session_expire_date_a5c62663; Type: INDEX; Schema: public; Owner: postgres
--

CREATE INDEX django_session_expire_date_a5c62663 ON public.django_session USING btree (expire_date);


--
-- Name: django_session_session_key_c0390e0f_like; Type: INDEX; Schema: public; Owner: postgres
--

CREATE INDEX django_session_session_key_c0390e0f_like ON public.django_session USING btree (session_key varchar_pattern_ops);


--
-- Name: tasks_task_user_completed_9c458e12; Type: INDEX; Schema: public; Owner: postgres
--

CREATE INDEX tasks_task_user_completed_9c458e12 ON public.tasks_task USING btree (user_completed);


--
-- Name: auth_group_permissions auth_group_permissio_permission_id_84c5c92e_fk_auth_perm; Type: FK CONSTRAINT; Schema: public; Owner: postgres
--

ALTER TABLE ONLY public.auth_group_permissions
    ADD CONSTRAINT auth_group_permissio_permission_id_84c5c92e_fk_auth_perm FOREIGN KEY (permission_id) REFERENCES public.auth_permission(id) DEFERRABLE INITIALLY DEFERRED;


--
-- Name: auth_group_permissions auth_group_permissions_group_id_b120cbf9_fk_auth_group_id; Type: FK CONSTRAINT; Schema: public; Owner: postgres
--

ALTER TABLE ONLY public.auth_group_permissions
    ADD CONSTRAINT auth_group_permissions_group_id_b120cbf9_fk_auth_group_id FOREIGN KEY (group_id) REFERENCES public.auth_group(id) DEFERRABLE INITIALLY DEFERRED;


--
-- Name: auth_permission auth_permission_content_type_id_2f476e4b_fk_django_co; Type: FK CONSTRAINT; Schema: public; Owner: postgres
--

ALTER TABLE ONLY public.auth_permission
    ADD CONSTRAINT auth_permission_content_type_id_2f476e4b_fk_django_co FOREIGN KEY (content_type_id) REFERENCES public.django_content_type(id) DEFERRABLE INITIALLY DEFERRED;


--
-- Name: auth_user_groups auth_user_groups_group_id_97559544_fk_auth_group_id; Type: FK CONSTRAINT; Schema: public; Owner: postgres
--

ALTER TABLE ONLY public.auth_user_groups
    ADD CONSTRAINT auth_user_groups_group_id_97559544_fk_auth_group_id FOREIGN KEY (group_id) REFERENCES public.auth_group(id) DEFERRABLE INITIALLY DEFERRED;


--
-- Name: auth_user_groups auth_user_groups_user_id_6a12ed8b_fk_auth_user_id; Type: FK CONSTRAINT; Schema: public; Owner: postgres
--

ALTER TABLE ONLY public.auth_user_groups
    ADD CONSTRAINT auth_user_groups_user_id_6a12ed8b_fk_auth_user_id FOREIGN KEY (user_id) REFERENCES public.auth_user(id) DEFERRABLE INITIALLY DEFERRED;


--
-- Name: auth_user_user_permissions auth_user_user_permi_permission_id_1fbb5f2c_fk_auth_perm; Type: FK CONSTRAINT; Schema: public; Owner: postgres
--

ALTER TABLE ONLY public.auth_user_user_permissions
    ADD CONSTRAINT auth_user_user_permi_permission_id_1fbb5f2c_fk_auth_perm FOREIGN KEY (permission_id) REFERENCES public.auth_permission(id) DEFERRABLE INITIALLY DEFERRED;


--
-- Name: auth_user_user_permissions auth_user_user_permissions_user_id_a95ead1b_fk_auth_user_id; Type: FK CONSTRAINT; Schema: public; Owner: postgres
--

ALTER TABLE ONLY public.auth_user_user_permissions
    ADD CONSTRAINT auth_user_user_permissions_user_id_a95ead1b_fk_auth_user_id FOREIGN KEY (user_id) REFERENCES public.auth_user(id) DEFERRABLE INITIALLY DEFERRED;


--
-- Name: axes_accessattemptexpiration axes_accessattemptex_access_attempt_id_6b73a47a_fk_axes_acce; Type: FK CONSTRAINT; Schema: public; Owner: postgres
--

ALTER TABLE ONLY public.axes_accessattemptexpiration
    ADD CONSTRAINT axes_accessattemptex_access_attempt_id_6b73a47a_fk_axes_acce FOREIGN KEY (access_attempt_id) REFERENCES public.axes_accessattempt(id) DEFERRABLE INITIALLY DEFERRED;


--
-- Name: django_admin_log django_admin_log_content_type_id_c4bce8eb_fk_django_co; Type: FK CONSTRAINT; Schema: public; Owner: postgres
--

ALTER TABLE ONLY public.django_admin_log
    ADD CONSTRAINT django_admin_log_content_type_id_c4bce8eb_fk_django_co FOREIGN KEY (content_type_id) REFERENCES public.django_content_type(id) DEFERRABLE INITIALLY DEFERRED;


--
-- Name: django_admin_log django_admin_log_user_id_c564eba6_fk_auth_user_id; Type: FK CONSTRAINT; Schema: public; Owner: postgres
--

ALTER TABLE ONLY public.django_admin_log
    ADD CONSTRAINT django_admin_log_user_id_c564eba6_fk_auth_user_id FOREIGN KEY (user_id) REFERENCES public.auth_user(id) DEFERRABLE INITIALLY DEFERRED;


--
-- Name: tasks_task tasks_task_user_completed_9c458e12_fk_auth_user_id; Type: FK CONSTRAINT; Schema: public; Owner: postgres
--

ALTER TABLE ONLY public.tasks_task
    ADD CONSTRAINT tasks_task_user_completed_9c458e12_fk_auth_user_id FOREIGN KEY (user_completed) REFERENCES public.auth_user(id) DEFERRABLE INITIALLY DEFERRED;


--
-- PostgreSQL database dump complete
--

\unrestrict fg3i7a2D3A1MCMWcCU5hyKcpTNyCPCL2YlvS25oZptLQ64m6O4aa4ccUUXT2moX

